ticker,headline,source,date,clean_headline
AAPL,NasdaqMoreAAPL Quantitative Stock Analysis9 hours agoBy John P. Reese,Google News,2025-03-25,nasdaqmoreaapl quantitative stock analysis9 hours agoby john p reese
AAPL,TipRanksMoreApple (AAPL) Stock Shoots Higher on Launch of New Chinese Green Energy FundYesterdayBy David Craik,Google News,2025-03-25,tipranksmoreapple aapl stock shoots higher on launch of new chinese green energy fundyesterdayby david craik
AAPL,Seeking AlphaMoreApple: Buy Now Before The iPhone 17 Hype8 hours ago,Google News,2025-03-25,seeking alphamoreapple buy now before the iphone 17 hype8 hours ago
AAPL,Yahoo FinanceMoreApple Inc. (AAPL): Among the 10 Goldman Sachs Tech Stocks to Buy7 hours ago,Google News,2025-03-25,yahoo financemoreapple inc aapl among the 10 goldman sachs tech stocks to buy7 hours ago
AAPL,"Markets InsiderMoreDon’t Expect an AI Upgrade from Apple (AAPL) This Year, Says UBS48 minutes ago",Google News,2025-03-25,markets insidermoredon’t expect an ai upgrade from apple aapl this year says ubs48 minutes ago
AAPL,The Motley FoolMoreApple Stock Has a Growth Problem. Is It Really Worth Its Premium Valuation?YesterdayBy Daniel Sparks,Google News,2025-03-25,the motley foolmoreapple stock has a growth problem is it really worth its premium valuationyesterdayby daniel sparks
AAPL,"Yahoo FinanceMoreApple (AAPL): Buy, Sell, or Hold Post Q4 Earnings?13 hours agoBy Jabin Bastian",Google News,2025-03-25,yahoo financemoreapple aapl buy sell or hold post q4 earnings13 hours agoby jabin bastian
AAPL,Yahoo FinanceMoreIs Apple (AAPL) The Best Robinhood Stock to Buy According to Analysts?YesterdayBy Bob Karr,Google News,2025-03-25,yahoo financemoreis apple aapl the best robinhood stock to buy according to analystsyesterdayby bob karr
AAPL,Yahoo FinanceMoreApple Inc. (AAPL): Can the Tech Giant Regain Its Stock Market Rhythm?YesterdayBy Syeda Seirut Javed,Google News,2025-03-25,yahoo financemoreapple inc aapl can the tech giant regain its stock market rhythmyesterdayby syeda seirut javed
AAPL,Seeking AlphaMoreApple: Minimal Growth And Innovation Left - No Longer Magnificent Here (NASDAQ:AAPL)Yesterday,Google News,2025-03-25,seeking alphamoreapple minimal growth and innovation left no longer magnificent here nasdaqaaplyesterday
AAPL,Investor's Business DailyMoreApple Joins AI Data Center Race After Siri Mess1 hour agoBy Patrick Seitz,Google News,2025-03-25,investors business dailymoreapple joins ai data center race after siri mess1 hour agoby patrick seitz
AAPL,StockTitanMoreApple WWDC25 Unveils Hybrid Format: Free Online Access Plus Exclusive Apple Park Event5 hours ago,Google News,2025-03-25,stocktitanmoreapple wwdc25 unveils hybrid format free online access plus exclusive apple park event5 hours ago
AAPL,"FX EmpireMoreAAPL, AMZN and GOOGL Forecast – Major US Stocks Stabile in Premarket9 hours agoBy Christopher Lewis",Google News,2025-03-25,fx empiremoreaapl amzn and googl forecast – major us stocks stabile in premarket9 hours agoby christopher lewis
AAPL,ForbesMoreWhere Will Apple Stock Be In 5 Years?9 days agoBy Jason Kirsch,Google News,2025-03-25,forbesmorewhere will apple stock be in 5 years9 days agoby jason kirsch
AAPL,"Investor's Business DailyMoreMagnificent Seven Stocks Watch: Nvidia, Tesla Sell Off3 hours agoBy Scott Lehtonen",Google News,2025-03-25,investors business dailymoremagnificent seven stocks watch nvidia tesla sell off3 hours agoby scott lehtonen
AAPL,24/7 Wall St.MoreApple (AAPL) and Walmart (WMT) Are the 2 Top Dow Stocks to Beat the Index Through 2030YesterdayBy Rich Duprey,Google News,2025-03-25,247 wall stmoreapple aapl and walmart wmt are the 2 top dow stocks to beat the index through 2030yesterdayby rich duprey
AAPL,AOLMoreApple (AAPL) and Walmart (WMT) Are the 2 Top Dow Stocks to Beat the Index Through 2030YesterdayBy Rich Duprey,Google News,2025-03-25,aolmoreapple aapl and walmart wmt are the 2 top dow stocks to beat the index through 2030yesterdayby rich duprey
AAPL,Insider MonkeyMoreApple Inc. (AAPL): Among the 10 Goldman Sachs Tech Stocks to Buy7 hours agoBy Soma Dutta,Google News,2025-03-25,insider monkeymoreapple inc aapl among the 10 goldman sachs tech stocks to buy7 hours agoby soma dutta
AAPL,InvestopediaMoreWhat Analysts Think of Apple Stock Ahead of Wednesday’s Product LaunchFeb 14By Andrew Kessel,Google News,2025-03-25,investopediamorewhat analysts think of apple stock ahead of wednesday’s product launchfeb 14by andrew kessel
AAPL,Markets InsiderMoreApple May Sidestep an EU Fine with an iPhone Update1 hour ago,Google News,2025-03-25,markets insidermoreapple may sidestep an eu fine with an iphone update1 hour ago
