ticker,headline,source,date
AAPL,NasdaqMoreAAPL Quantitative Stock Analysis9 hours agoBy John P. Reese,Google News,2025-03-25
AAPL,TipRanksMoreApple (AAPL) Stock Shoots Higher on Launch of New Chinese Green Energy FundYesterdayBy David Craik,Google News,2025-03-25
AAPL,Seeking AlphaMoreApple: Buy Now Before The iPhone 17 Hype8 hours ago,Google News,2025-03-25
AAPL,Yahoo FinanceMoreApple Inc. (AAPL): Among the 10 Goldman Sachs Tech Stocks to Buy7 hours ago,Google News,2025-03-25
AAPL,"Markets InsiderMoreDon’t Expect an AI Upgrade from Apple (AAPL) This Year, Says UBS48 minutes ago",Google News,2025-03-25
AAPL,The Motley FoolMoreApple Stock Has a Growth Problem. Is It Really Worth Its Premium Valuation?YesterdayBy Daniel Sparks,Google News,2025-03-25
AAPL,"Yahoo FinanceMoreApple (AAPL): Buy, Sell, or Hold Post Q4 Earnings?13 hours agoBy Jabin Bastian",Google News,2025-03-25
AAPL,Yahoo FinanceMoreIs Apple (AAPL) The Best Robinhood Stock to Buy According to Analysts?YesterdayBy Bob Karr,Google News,2025-03-25
AAPL,Yahoo FinanceMoreApple Inc. (AAPL): Can the Tech Giant Regain Its Stock Market Rhythm?YesterdayBy Syeda Seirut Javed,Google News,2025-03-25
AAPL,Seeking AlphaMoreApple: Minimal Growth And Innovation Left - No Longer Magnificent Here (NASDAQ:AAPL)Yesterday,Google News,2025-03-25
AAPL,Investor's Business DailyMoreApple Joins AI Data Center Race After Siri Mess1 hour agoBy Patrick Seitz,Google News,2025-03-25
AAPL,StockTitanMoreApple WWDC25 Unveils Hybrid Format: Free Online Access Plus Exclusive Apple Park Event5 hours ago,Google News,2025-03-25
AAPL,"FX EmpireMoreAAPL, AMZN and GOOGL Forecast – Major US Stocks Stabile in Premarket9 hours agoBy Christopher Lewis",Google News,2025-03-25
AAPL,ForbesMoreWhere Will Apple Stock Be In 5 Years?9 days agoBy Jason Kirsch,Google News,2025-03-25
AAPL,"Investor's Business DailyMoreMagnificent Seven Stocks Watch: Nvidia, Tesla Sell Off3 hours agoBy Scott Lehtonen",Google News,2025-03-25
AAPL,24/7 Wall St.MoreApple (AAPL) and Walmart (WMT) Are the 2 Top Dow Stocks to Beat the Index Through 2030YesterdayBy Rich Duprey,Google News,2025-03-25
AAPL,AOLMoreApple (AAPL) and Walmart (WMT) Are the 2 Top Dow Stocks to Beat the Index Through 2030YesterdayBy Rich Duprey,Google News,2025-03-25
AAPL,Insider MonkeyMoreApple Inc. (AAPL): Among the 10 Goldman Sachs Tech Stocks to Buy7 hours agoBy Soma Dutta,Google News,2025-03-25
AAPL,InvestopediaMoreWhat Analysts Think of Apple Stock Ahead of Wednesday’s Product LaunchFeb 14By Andrew Kessel,Google News,2025-03-25
AAPL,Markets InsiderMoreApple May Sidestep an EU Fine with an iPhone Update1 hour ago,Google News,2025-03-25
